From;To;Type;Through;x;y;x;y;
80;72;sea;2501;1935;2041;1937;2037;Strait of Messina
1453;240;sea;2623;-1;-1;-1;-1;Byzantion-Rhebas
1453;241;sea;2623;2818;2426;2820;2425;Byzantion-Chalcedon
1972;1974;sea;2595;2743;2090;2739;2095;Samos-Priene
457;434;sea;7747;2366;2095;2368;2091;Patrai-Naupaktos
409;1903;sea;2605;-1;-1;-1;-1;Karystos-Andros
1903;452;sea;2609;2596;2069;2600;2066;Andros-Tenos
452;1835;sea;2609;2618;2060;-1;-1;Tenos-Delos
452;447;sea;2609;2607;2061;-1;-1;Tenos-Syros
263;1915;sea;2608;-1;-1;-1;-1;Naxos-Paros
263;387;sea;2608;2643;1998;-1;-1;Naxos-Ios
263;375;sea;2608;2659;2006;-1;-1;Naxos-Amorgos
7799;472;sea;7749;2538;2060;-1;-1;Thorikos-Kea
472;443;sea;2604;2555;2051;-1;-1;Kea-Kythnos
443;437;sea;2607;2564;2031;-1;-1;Kythnos-Seriphos
437;1964;sea;2607;2573;2016;2586;2006;Seriphos-Milos
1981;1970;sea;2594;2769;2033;2768;2024;Halikarnassos-Kos
1987;1970;sea;2590;2785;2014;-1;-1;Knidos-Kos
1981;1653;sea;2594;2766;2039;2752;2032;Halikarnassos-Kalymnos
1653;310;sea;2594;-1;-1;-1;-1;Kalymnos-Leros
289;286;sea;2617;-1;-1;-1;-1;Erythrai-Chios
258;284;sea;2617;-1;-1;-1;-1;Antigoneia-Eresos
349;256;sea;2618;2668;2322;-1;-1;Sestos-Lampsakos
349;261;sea;2618;2658;2308;-1;-1;Sestos-Abydos
349;257;sea;2618;2646;2292;-1;-1;Sestos-Ilium
349;297;sea;2618;2644;2312;2626;2302;Sestos-Imbros
297;1774;sea;2621;2613;2298;2601;2316;Imbros-Samothrake
297;270;sea;2621;2608;2291;2594;2278;Imbros-Lemnos
126;127;sea;2546;1571;2456;-1;-1;Populonium-Ilva
99;1472;sea;2500;1888;2040;-1;-1;Tyndaris-Liparae
429;471;sea;4724;2482;1942;-1;-1;Epidauros-Kythera
391;420;sea;2614;2463;2184;-1;-1;Demtrias-Peparethos
363;356;sea;2616;2531;2348;-1;-1;Neapolis-Thasos
4549;4563;sea;2748;3202;2904;3212;2906;Bosporus-Phanagoria
3280;3284;sea;2567;1623;1751;1632;1740;Iustinianopolis-Cercina
410;277;sea;2614;2524;2145;-1;-1;Oichalia-Skyros
421;470;sea;2613;2226;2208;2221;2207;Phoinike-Korkyra
463;459;sea;2613;2288;2129;2285;2124;Thyrrheion-Leucas
459;461;sea;2612;2283;2111;2280;2096;Leucas-Kefalonia
446;460;sea;2611;2326;2047;2311;2039;Elis-Zakynthos
4060;4084;sea;2537;1938;2515;1942;2511;Tragurium-Pharus
4081;4084;sea;2537;1993;2508;1984;2505;Novae-Pharus
4032;4034;sea;2512;1819;2652;1815;2647;Curicum-Apsarus
7517;4646;sea;1489;-1;-1;-1;-1;Arsinoe-Okelis
7507;7502;sea;1485;-1;-1;-1;-1;Oreine-Alalaiou
4639;4637;sea;1484;-1;-1;-1;-1;Baitus-Devada
650;1682;sea;652;-1;-1;-1;-1;Drepanum-Rhaithou
1987;266;sea;2590;2800;2011;2822;1975;Knidos-Rhodos
3508;3506;sea;2692;1473;2328;1482;2297;Phikaria-Viniolae
7199;7202;sea;2813;4735;1633;4750;1636;Gerrha-Tylos
7202;7203;sea;2813;4775;1624;4805;1620;Tylos-Gylus
7210;4791;sea;2808;5182;1860;5169;1936;HeliosLimen-Hormirzad
6850;6845;sea;2854;6179;2233;6204;2205;Sura-Bissai
6856;6825;sea;2855;6308;2281;6287;2269;Vallai-Kanthi
6829;6842;sea;2856;-1;-1;-1;-1;Anarrta-Kaccha
3061;1347;sea;2730;429;1915;427;1934;Tingis-Baelo
3881;3884;sea;5841;1564;3522;1581;3517;AngliaInsula-HeruliaMeridionalis
3859;3884;sea;5842;1585;3483;1595;3504;Sardonia-HeruliaMeridionalis
3883;3886;sea;5839;1558;3567;1585;3582;ReudingiaMinores-HeruliaSeptentrionalis
3887;6003;sea;5838;1653;3606;1668;3619;HeruliaOrientalis-Scandiaaaaaaaa
6001;6004;sea;5845;-1;-1;-1;-1;Scandia-Scandia
6007;6009;sea;5848;-1;-1;-1;-1;Scandia-Scandia
2109;2208;sea;5738;735;3575;705;3551;Novanta-DariniaMeridionalis
2131;2132;sea;5767;876;3896;878;3914;OuirouedroumAkron-Orcades
2128;2129;sea;5759;701;3827;700;3861;Scitis-DumnaSeptentrionalis
2128;2130;sea;5759;693;3818;666;3822;Scitis-DumnaMeridionalis
2128;2130;sea;5759;693;3818;666;3822;Scitis-DumnaMeridionalis
3882;3869;sea;5839;1520;3579;1512;3583;Reudinga Maiores-Cobandia Maiores
2207;2126;sea;5740;-1;-1;-1;-1;Robogdia Orientalis-Epidion Akron
5431;2137;sea;5693;823;3057;851;3040;Andion-Cosedia
3874;3875;sea;6333;1435;3671;1435;3688;Teutonia Minores-Teutonia Maiores
4865;7813;sea;5852;2112;3607;2114;3630;Venedicana-Veltaea Australis
3293;3294;sea;2568;1595;1630;1602;1639;Gigthis-Tipaza
3295;3294;sea;2568;1620;1626;1616;1638;Gergis-Tipaza
464;463;sea;2613;2287;2146;2292;2137;Kassope-Thyrreion
### Nile River ###
509;7688;river_large;7673;3263;1591;3255;1597;Pilousion-Thenessos
503;507;river_large;7667;3194;1521;3197;1512;Boubastos-Leonton Polis
504;528;river_large;7676;3176;1551;3167;1549;Leontopolis-Isieion
503;504;river_large;7670;3196;1532;3193;1535;Boubastis-Leontopolis (North)
528;527;river_large;7680;3153;1536;3149;1532;Iseion-Atarbechis
513;514;river_large;7674;3175;1510;3164;1508;Athribis-Nikiou
7691;530;river_large;7683;3109;1587;3104;1581;Perseos Skope-Bolbitine
502;655;river_large;7685;3262;1535;3271;1537;Heroopolis-Serapieion
### Indus River ###
6821;6822;river_large;7693;6063;2221;6064;2231;Alexandrou Limen-Barbarikon
7660;4359;river_large;7695;6008;2302;6012;2310;Abad-Samarabriai
4364;4352;river_large;7699;5941;2456;5951;2455;Oumbrai-Roruka
4377;4371;river_large;7692;6000;2648;6007;2653;Bisambritai-Alexandreia Indos
### Ganges River ###
4440;4443;river_large;7708;7122;3118;7122;3127;Pataliputra-Nadikagama
7398;7497;river_large;7703;7390;3204;7387;3212;Kushtia-Puthia
4446;7322;river_large;7706;7259;3218;7255;3225;Campa-Purnia
7395;7356;river_large;7701;7587;3225;7591;3232;Barisal-Karmanta
7327;7337;river_large;7786;7380;3164;7390;3170;Karnasurvarna-Aganagara
7345;7336;river_large;7788;7451;3119;7451;3129;Nabadwipa-Selampoura
7397;7394;river_large;7792;7511;3178;7520;3182;Jessore-Fathabad
7493;7490;river_large;7784;7447;3270;7450;3282;Varendra-Nagarpur
7493;7359;river_large;7703;7459;3227;7463;3215;Varendra-Mukund
### Gallikos River ###
428;373;river_large;7709;2396;2310;2404;2313;Aigai-Thessalonike
### Euphrates & Tigris ###
968;937;river_large;7718;4238;1899;4235;1908;Eridu-Uruk
938;940;river_large;7711;4356;1941;4364;1942;Nina-Alexandreia Sousiane
942;971;river_large;7710;4411;1907;4411;1915;Apologos-Ampe
934;970;river_large;7712;4306;2002;4311;2008;Madhar-Kashkar
933;976;river_large;7714;4196;2019;4188;2027;Apameia Tigrei-Lawami
### Rhine River ###
3723;3699;river_large;7731;1403;3084;1408;3092;Bingium-Aquae Mattiacorum
3720;3787;river_large;7728;1357;3155;1361;3159;Bonna-Tenctheria
3714;3777;river_large;7726;1327;3235;1332;3240;Castra Vetera-Chattuaria
3849;3848;river_large;7725;1257;3265;1258;3272;Manaritum-Traiectum
### Baetis River ###
1342;1341;river_large;7665;390;2007;380;2019;Menesthei Limin-Tartessos
1353;1358;river_large;7771;410;2036;406;2045;Urgia-Olontigi
### Tagus River ###
1309;1308;river_large;7769;318;2261;319;2268;Vicus Carnalocensis-Aritium
1320;1317;river_large;7768;253;2237;250;2246;Malateca-Arabriga
### Ister River ###
4520;4521;river_large;7773;2695;2774;2701;2785;Troesmis-Nobiodounos
4246;4809;river_large;7777;2626;2651;2619;2665;Durostorum-Piephigia
4227;4267;river_large;7780;2460;2586;2453;2598;Oescus-Castris Novis
4216;4276;river_large;7781;2361;2600;2373;2601;Bononia Moesia-Castra Bistria
### Rhodanus ###
2319;2314;river_large;7846;1193;2538;1184;2542;Arelatis-Nemausus
### Flumen Anas ###
1335;1339;river_large;7862;310;2065;320;2065;Balsa-Praesidium
### Liger ###
2212;2211;river_large;7865;835;2886;839;2878;Namnetum-Ratiarum
### Sequana ###
2223;2468;river_large;7868;960;3061;961;3074;Esta-Caracotinum
### Borysthenes ###
4529;4530;river_large;7871;2920;2950;2935;2947;Olbia-Hippolaou
6124;7191;river_large;7871;2987;2978;2973;2985;Syti-Uttar
6143;6142;river_large;7875;3053;3097;3038;3093;Aghonor-Ghasett
6115;6117;river_large;7877;2927;3173;2922;3164;Ahgranika-Aggrat
### Tyras River ###
4525;4526;river_large;7881;2757;2900;2761;2911;Tyras-Nikonion
### Albis River ###
3837;3855;river_large;7884;1477;3421;1483;3432;Saxonnia-Mariones
3970;3893;river_large;7886;1586;3363;1595;3372;Langobardia-Avarpi
### INR Nile River ###
570;569;river_large;7898;-1;-1;3397;1126;Memnonia-Diospolis Magna/Luxor
618;613;river_large;7909;-1;-1;-1;-1;Urbim-Patigga
635;634;river_large;7918;-1;-1;-1;-1;Galim-Darou
640;641;river_large;7919;3674;390;3688;389;Epis-Meroe
3312;3314;river_large;7923;-1;-1;-1;-1;Petta*-Alwa
632;634;river_large;7925;-1;-1;-1;-1;Abale-Darou
3321;634;river_large;7925;3716;470;-1;-1;Rocat*-Darou
3321;7592;river_large;7925;-1;-1;-1;-1;Rocat*-Ganagaras*****??????
3321;7587;river_large;7926;3773;450;3771;431;Rocat*-Anak*
3322;7587;river_large;7926;-1;-1;-1;-1;Borassa-Anak*
3322;7588;river_large;7927;3847;392;3837;376;Borassa-Dmut
3323;7588;river_large;7927;-1;-1;3871;353;Durai*-Dmut
3323;7589;river_large;7928;3896;337;3887;325;Durai*-Abliata
3328;7589;river_large;7928;3930;312;-1;-1;Thana*-Abliata
### INR Iberian River ###
# INR Baetis #
1374;1372;river_large;7930;-1;-1;472;2082;Carmo-Segida
1371;1372;river_large;7930;-1;-1;-1;-1;Asigi-Segida
1377;1372;river_large;7930;490;2076;491;2086;Corduba-Segida
1377;1442;river_large;7930;-1;-1;501;2090;Corduba-Mariana
1377;1378;river_large;7930;511;2080;511;2092;Corduba-Epora
1386;1378;river_large;7930;522;2082;520;2092;ClaritasIulia-Epora
1387;1378;river_large;7931;528;2084;525;2094;Ituci-Epora
1387;1379;river_large;7931;535;2087;534;2099;Ituci-Sucia
1380;1379;river_large;7931;-1;-1;-1;-1;Isiturgis-Sucia
1380;1384;river_large;7931;-1;-1;-1;-1;Isiturgis-Baecula
1383;1384;river_large;7932;-1;-1;-1;-1;Iliturgis-Baecula
1383;1381;river_large;7932;-1;-1;-1;-1;Iliturgis-Castulo
1395;1381;river_large;7932;-1;-1;-1;-1;Tucci-Castulo
1395;1382;river_large;7933;-1;-1;-1;-1;Tucci-Vivatia
1287;1382;river_large;7933;-1;-1;-1;-1;Salaria-Vivatia
# INR Flumen Anas #
1422;1419;river_large;7934;-1;-1;-1;-1;AdMuratum-TurduliaSeptentrionalis
1422;1421;river_large;7935;-1;-1;-1;-1;AdMuratum-Luserium
1425;1424;river_large;7935;-1;-1;-1;-1;AdAtrumFlumen-Dipo
1423;1424;river_large;7936;-1;-1;-1;-1;Evandriana-Dipo
1423;1403;river_large;7936;409;2203;408;2188;Evandriana-Caspiana
1400;1403;river_large;7937;-1;-1;-1;-1;AugustaEmerita-Caspiana
1400;1436;river_large;7937;438;2197;443;2185;AugustaEmerita-Metellinum
1435;1436;river_large;7937;-1;-1;-1;-1;Lacipea-Metellinum
1454;1436;river_large;7938;-1;-1;-1;-1;CalvriaMeridionalis-Metellinum
1406;1454;river_large;7938;-1;-1;-1;-1;Artigi-CalvriaMeridionalis
1459;1454;river_large;7938;-1;-1;-1;-1;Messicia-CalvriaMeridionalis
1459;1461;river_large;7939;506;2202;500;2213;Messicia-Bocouriqua
1460;1461;river_large;7939;-1;-1;-1;-1;Metturicia-Bocouriqua
# INR Tagus #
1311;1433;river_large;7940;-1;-1;-1;-1;Tongorigum-Tourmogon
1307;1433;river_large;7940;-1;-1;-1;-1;Caurium-Tourmogon
1306;1433;river_large;7940;-1;-1;-1;-1;Lama-Tourmogon
1306;1434;river_large;7940;-1;-1;-1;-1;Lama-Turgalium
1437;1434;river_large;7941;468;2270;458;2261;Augustobria-Turgalium
1437;340;river_large;7941;-1;-1;-1;-1;Augustobria-CalvriaSeptentrionalis
1437;1461;river_large;7942;-1;-1;-1;-1;Augustobria-Bocouriqua
1437;1462;river_large;7942;514;2263;521;2254;Augustobria-Aelariquia
1437;1438;river_large;7942;517;2264;527;2260;Augustobria-Caesrobriga
1201;1438;river_large;7942;-1;-1;-1;-1;CarpetaniaInferioris-Caesrobriga
1200;1438;river_large;7942;-1;-1;-1;-1;CarpetaniaSuperioris-Caesrobriga
# INR Ebro #
1241;1064;river_large;7945;-1;-1;-1;-1;Olobesa-Etobesa
1011;1070;river_large;7947;-1;-1;-1;-1;Celsa-GallikaPhlaouia
1013;1071;river_large;7947;-1;-1;-1;-1;Augusta-Presuina
1013;1072;river_large;7948;-1;-1;-1;-1;Augusta-Gallicum
1089;1072;river_large;7948;-1;-1;-1;-1;Cascantum-Gallicum
1089;1088;river_large;7948;-1;-1;-1;-1;Cascantum-Ilurcis
1016;1088;river_large;7948;-1;-1;-1;-1;CalagurrisIulia-Ilurcis
1016;1081;river_large;7949;-1;-1;-1;-1;CalagurrisIulia-Carta
1016;1082;river_large;7949;751;2446;756;2459;CalagurrisIulia-Andelos
1085;1087;river_large;7949;-1;-1;-1;-1;Barariana-Vareia
### INR Gaulish Rivers ###
# INR Garonne #
2288;2289;river_large;7950;-1;-1;-1;-1;Praemiacum-Lucaniacum
2288;2294;river_large;7950;-1;-1;-1;-1;Praemiacum-Travectus
2281;2294;river_large;7950;-1;-1;-1;-1;Ussubium-Travectus
2281;2293;river_large;7950;-1;-1;-1;-1;Ussubium-Excisum
2271;2293;river_large;7951;-1;-1;-1;-1;Lactora-Excisum
2271;2270;river_large;7951;-1;-1;-1;-1;Lactora-Aginnum
2279;2270;river_large;7951;-1;-1;-1;-1;Fines-Aginnum
2279;2269;river_large;7952;-1;-1;-1;-1;Fines-Divona
2279;2280;river_large;7952;-1;-1;-1;-1;Fines-Marinavas
2265;2280;river_large;7952;-1;-1;-1;-1;Tolosa-Marinavas
2263;2280;river_large;7953;-1;-1;-1;-1;Albiga-Marinavas
2263;2262;river_large;7953;-1;-1;-1;-1;Albiga-Segodunum
# INR Dordogne #
2234;2289;river_large;7954;-1;-1;-1;-1;Burdigala-Lucaniacum
2287;2289;river_large;7954;-1;-1;-1;-1;Corterate-Lucaniacum
2287;2294;river_large;7954;-1;-1;-1;-1;Corterate-Travectus
2282;2294;river_large;7955;-1;-1;-1;-1;Vesunna-Travectus
2282;2292;river_large;7955;-1;-1;-1;-1;Vesunna-Pompegiaco
2329;2327;river_large;7956;-1;-1;-1;-1;Nonniacus-Acuciago
2328;2327;river_large;7956;-1;-1;-1;-1;Briva-Acuciago
2328;2338;river_large;7956;-1;-1;-1;-1;Briva-Eustriacum
# INR Loire #
2394;2395;river_large;7957;-1;-1;-1;-1;Rotomagus-Briggogalus
2424;2407;river_large;7958;1007;2901;1015;2889;Tasciaca-Gabris
2424;2408;river_large;7958;1017;2906;1024;2899;Tasciaca-NoviodunumBiturigum
2425;2408;river_large;7958;-1;-1;-1;-1;Blesum-NoviodunumBiturigum
2350;2408;river_large;7958;-1;-1;-1;-1;Cenabum-NoviodunumBiturigum
2417;2408;river_large;7959;-1;-1;-1;-1;Belca-NoviodunumBiturigum
2417;2416;river_large;7959;-1;-1;-1;-1;Belca-Brivodurum
2416;2415;river_large;7960;-1;-1;-1;-1;Brivodurum-Intaranum
2414;2415;river_large;7960;1092;2882;1100;2892;CondateAvaricum-Intaranum
2414;2413;river_large;7960;-1;-1;-1;-1;CondateAvaricum-VicusMassava
2412;2413;river_large;7960;-1;-1;-1;-1;Nogeomagus-VicusMassava
2412;2434;river_large;7961;1102;2847;1112;2849;Nogeomagus-Cervidunum
2412;2367;river_large;7961;1104;2840;1112;2840;Nogeomagus-Decetia
2368;2367;river_large;7961;-1;-1;-1;-1;Tincontium-Decetia
2374;2367;river_large;7962;-1;-1;1130;2823;Arthona-Decetia
2374;2366;river_large;7962;1134;2806;1145;2810;Arthona-Allsincum
2372;2366;river_large;7962;-1;-1;-1;-1;Sitilia-Allsincum
2372;2369;river_large;7963;-1;-1;-1;-1;Sitilia-Berberensis
2371;2369;river_large;7963;1159;2771;1167;2774;AquaeCalidate-Berberensis
# INR Seine #
2442;2473;river_large;7964;1033;3021;-1;-1;MediolanumAulercorum-Avalocum
2475;2444;river_large;7965;-1;-1;-1;-1;Lutetia-Catalacus
2475;2484;river_large;7965;-1;-1;-1;-1;Lutetia-Calagum
2481;2483;river_large;7966;-1;-1;-1;-1;Mellodunum-Cala
2480;2482;river_large;7966;-1;-1;-1;-1;Montargia-CondateAgedincum
2448;2482;river_large;7967;-1;-1;-1;-1;Agedincum-CondateAgedincum
2448;2486;river_large;7967;-1;-1;-1;-1;Agedincum-Lucia
2488;2486;river_large;7967;1162;2958;1165;2969;Eburobriga-Lucia
2488;2489;river_large;7968;1167;2951;-1;-1;Eburobriga-Artiaca
2488;2449;river_large;7968;-1;-1;-1;-1;Eburobriga-Augustobona
2431;2449;river_large;7969;1191;2915;1197;2928;Vertillium-Augustobona
2431;3005;river_large;7969;-1;-1;-1;-1;Vertillium-Segeserra
2480;2448;river_large;7971;-1;-1;-1;-1;Montargia-Agedincum
2418;2448;river_large;7971;-1;-1;-1;-1;Bandritum-Agedincum
2418;2353;river_large;7971;-1;-1;-1;-1;Bandritum-Autessiodurum
2415;2353;river_large;7972;1129;2916;1136;2923;Intaranum-Autessiodurum
2432;2353;river_large;7972;1136;2910;1145;2919;CoraVicus-Autessiodurum
2432;2430;river_large;7972;-1;-1;-1;-1;CoraVicus-Tornodurum
2484;2483;river_large;7973;1090;3011;1091;2996;Calagum-Cala
2484;2485;river_large;7973;-1;-1;-1;-1;Calagum-Riobe
2492;2485;river_large;7974;-1;-1;1130;3003;Odomagus-Riobe
2492;2487;river_large;7974;-1;-1;1141;3006;Odomagus-Senonia
2491;2487;river_large;7974;-1;-1;-1;-1;Mugilonia-Senonia
2491;2490;river_large;7975;1182;3019;1180;3008;Mugilonia-Malliacus
2450;2490;river_large;7975;-1;-1;-1;-1;Durocatalaunum-Malliacus
2495;2490;river_large;7975;-1;-1;-1;-1;Tanomia-Malliacus
2495;2489;river_large;7976;-1;-1;-1;-1;Tanomia-Artiaca
2495;3006;river_large;7976;-1;-1;-1;-1;Tanomia-Corobillium
2474;2444;river_large;7977;-1;-1;-1;-1;Nemetodurum-Catalacus
2472;2444;river_large;7977;1077;3035;1084;3027;BrivaIsarae-Catalacus
2445;2447;river_large;7978;-1;-1;-1;-1;Augustomagus-Iatinon
2493;2447;river_large;7978;1109;3058;1111;3047;Isara-Iatinon
2493;2452;river_large;7979;-1;-1;-1;-1;Isara-AugustaSuessionum
2493;3043;river_large;7979;-1;-1;-1;-1;Isara-AugustaViromanduorum
3044;3043;river_large;7979;-1;-1;-1;-1;Sefulae-AugustaViromanduorum
3045;3043;river_large;7980;-1;-1;-1;-1;Camaracum-AugustaViromanduorum
3047;3043;river_large;7980;-1;-1;-1;-1;Duronum-AugustaViromanduorum
2452;2447;river_large;7981;1116;3045;1125;3055;AugustaSuessionum-Iatinon
2452;2492;river_large;7981;-1;-1;-1;-1;AugustaSuessionum-Odomagus
2452;2491;river_large;7982;1160;3048;-1;-1;AugustaSuessionum-Mugilonia
2452;2451;river_large;7982;1172;3051;1172;3040;AugustaSuessionum-Durocortorum
3048;2451;river_large;7982;-1;-1;-1;-1;Verbinum-Durocortorum
3051;2451;river_large;7982;-1;-1;-1;-1;NoviomagusPorricum-Durocortorum
# INR Rhone #
2303;3622;river_large;7986;1245;2719;1249;2733;Octavus-Isarnodurum
2303;3621;river_large;7986;1246;2714;1259;2719;Octavus-Augusta
2303;3539;river_large;7986;1249;2707;1263;2709;Octavus-Labisco
2364;2356;river_large;7988;-1;-1;-1;-1;Rodumna-Ludna
2365;2356;river_large;7988;1211;2773;1223;2770;Pocrinnium-Ludna
2365;2358;river_large;7989;-1;-1;-1;-1;Pocrinnium-Isarnodurum
2365;2359;river_large;7989;-1;-1;-1;-1;Pocrinnium-Matisco
2360;2359;river_large;7989;-1;-1;-1;-1;Cabillonum-Matisco
2362;2359;river_large;7989;1225;2821;-1;-1;CastrumDivio-Matisco
### INR British Rivers ###
# INR Thames #
2022;2028;river_large;7990;-1;-1;-1;-1;Londinium-Camulodunum
2022;2038;river_large;7990;-1;-1;-1;-1;Londinium-AdAnsam
2022;2027;river_large;7990;-1;-1;-1;-1;Londinium-Verulamium
2018;2027;river_large;7991;-1;-1;-1;-1;Pontes-Verulamium
2018;2042;river_large;7991;924;3258;917;3267;Pontes-Durocobrivis
2016;2042;river_large;7991;-1;-1;914;3263;Calleva-Durocobrivis
2026;2042;river_large;7992;-1;-1;-1;-1;Durocornovium-Durocobrivis
2026;2041;river_large;7992;-1;-1;-1;-1;Durocornovium-Alavna
2025;2041;river_large;7992;-1;-1;876;3287;Verluccio-Alavna
# INR Severn #
2040;2039;river_large;7993;-1;-1;-1;-1;Glevum-Korinion
2049;2039;river_large;7993;-1;-1;-1;-1;Vertis-Korinion
2049;2061;river_large;7994;850;3319;857;3309;Vertis-Dorn
2048;2061;river_large;7994;-1;-1;-1;-1;Alauna-Dorn
2055;2061;river_large;7994;-1;-1;882;3320;Manduessedom-Dorn
2055;2045;river_large;7995;-1;-1;-1;-1;Manduessedom-Bannaventa
2054;2045;river_large;7995;-1;-1;-1;-1;Ratae-Bannaventa
# INR Shannon #
2183;2180;river_large;7996;-1;-1;-1;-1;GanganiaOccidentlis-VelaboriaSeptentrionalis
2183;2181;river_large;7996;-1;-1;-1;-1;GanganiaOccidentlis-VelaboriaOrientalis
2183;2185;river_large;7996;515;3437;530;3437;GanganiaOccidentlis-GanganiaOrientalis
2166;2185;river_large;7997;-1;-1;-1;-1;Gangani-GanganiaOrientalis
2184;2185;river_large;7997;543;3471;557;3466;GanganiaSeptentrionalis-GanganiaOrientalis
2184;2191;river_large;6306;548;3482;564;3479;GanganiaSeptentrionalis-ManapiaOccidentalis
2201;2191;river_large;6306;556;3493;565;3488;NaganatiaMeridionalis-ManapiaOccidentalis
2201;2194;river_large;6306;556;3510;-1;-1;NaganatiaMeridionalis-CauciaOccidentalis
### INR Rhine ###
3056;3055;river_large;7998;-1;-1;-1;-1;Borbetomagus-Lopodunum
3023;3025;river_large;8000;-1;-1;-1;-1;Brocomagus-AureliaAquensis
3699;7732;river_large;8003;-1;-1;-1;-1;AqueaMattiacorum-Vicaus Augustanus
3700;7732;river_large;8003;-1;-1;-1;-1;Taunensium-Vicaus Augustanus
3700;3702;river_large;8003;-1;-1;-1;-1;Taunensium-Auderiensuim
3798;3702;river_large;8003;-1;-1;-1;-1;Vangionia-Auderiensuim
3721;3722;river_large;8004;-1;-1;-1;-1;Confuentes-Vosolvia
3726;3722;river_large;8004;1362;3101;-1;-1;Beda-Vosolvia
3726;3724;river_large;8004;-1;-1;-1;-1;Beda-Belginum
3726;3690;river_large;8005;1343;3081;1343;3068;Beda-AugustaTreverorum
3730;3690;river_large;8005;-1;-1;1336;3066;Ausava-AugustaTreverorum
3689;3690;river_large;8005;-1;-1;-1;-1;Andethanna-AugustaTreverorum
3688;3690;river_large;8006;1311;3050;1321;3050;Ricciacum-AugustaTreverorum
3688;3691;river_large;8006;-1;-1;-1;-1;Ricciacum-VicusContiomagus
3845;3846;river_large;8007;1200;3263;-1;-1;Marsacia-Lugadurum
3845;3849;river_large;8007;-1;-1;-1;-1;Marsacia-Manaritum
3711;3712;river_large;8008;-1;-1;-1;-1;Blariacum-Batavodurum
3711;3714;river_large;8009;-1;-1;-1;-1;Blariacum-CastraVetera
3711;3715;river_large;8009;-1;-1;-1;-1;Blariacum-Sablones
3710;3715;river_large;8009;-1;-1;1304;3202;Catualium-Sablones
3710;3716;river_large;8010;-1;-1;-1;-1;Catualium-Iullacum
3709;3716;river_large;8010;-1;-1;-1;-1;Traiectus-Iullacum
3709;3718;river_large;8010;-1;-1;-1;-1;Traiectus-AquaeGranni
3681;3718;river_large;8011;-1;-1;-1;-1;Tungrorum-AquaeGranni
3681;3719;river_large;8011;-1;-1;-1;-1;Tungrorum-Belsonancum
3051;3703;river_large;8013;-1;-1;-1;-1;NoviomagusPorricum-BataviaMeridionalis
2494;2455;river_large;8014;-1;-1;-1;-1;Basillia-Viriodunum
3850;3776;river_large;8015;1300;3271;1305;3264;Chamoria-Asciburgium
### INR Germanic Rivers ###
# INR Ems #
3833;3836;river_large;7970;1363;3381;1367;3392;Amisia-Amsivaria
3833;3842;river_large;7970;-1;-1;-1;-1;Amisia-Unsingia
3834;3842;river_large;7970;1370;3360;1382;3363;Noviliacum-Unsingia
3834;3841;river_large;7970;1371;3353;1380;3353;Noviliacum-Chasuaria
3834;3780;river_large;8041;1371;3346;1378;3342;Noviliacum-Teuderium
3779;3780;river_large;8041;-1;-1;-1;-1;Salia-Teuderium
# INR Elbe #
3967;3909;river_large;8016;-1;-1;-1;-1;Aregellia-Mesuium
3990;3991;river_large;8018;-1;-1;-1;-1;Hercynia-BuriaMinores
3981;3991;river_large;8019;1735;3183;1740;3196;Thuringiana-BuriaMinores
3981;3910;river_large;8019;1755;3185;1754;3184;Thuringiana-Susidaea
3981;3980;river_large;8019;1763;3170;1775;3176;Thuringiana-AdFines
3912;3911;river_large;8020;-1;-1;-1;-1;Redintuinum-Nomisterium
3967;3950;river_large;8021;1621;3258;1631;3250;Aregellia-Calaegia
3966;3950;river_large;8021;1617;3241;1628;3241;Aregelliana-Calaegia
3959;3950;river_large;8022;-1;-1;-1;-1;Argelia-Calaegia
3959;3951;river_large;8022;-1;-1;-1;-1;Argelia-Luphurdum
# INR Oder #
3904;4752;river_large;8023;-1;-1;-1;-1;Sidenia-Viadrus
3999;3908;river_large;8025;1768;3327;1774;3342;Susidata-Viritium
4000;4762;river_large;8026;1782;3286;1794;3287;Omania-Buguntia
4001;4762;river_large;8026;1802;3272;1804;3285;Diduniana-Buguntia
4002;4762;river_large;8027;-1;-1;-1;-1;Budorigum-Buguntia
4002;4770;river_large;8027;1844;3262;1858;3267;Budorigum-Vindua
4003;4770;river_large;8027;1856;3245;1860;3258;Lugidunum-Vindua
4004;4770;river_large;8028;-1;-1;-1;-1;DiduniaOrientalis-Vindua
4004;4773;river_large;8028;1890;3220;1904;3223;DiduniaOrientalis-Elysia
4007;4773;river_large;8029;-1;-1;-1;-1;Leucara-Elysia
4007;4771;river_large;8029;1929;3196;1936;3207;Leucara-Leucaristus
4010;4771;river_large;8030;-1;-1;-1;-1;Casurgis-Leucaristus
4010;4778;river_large;8030;1960;3173;1968;3184;Casurgis-Lygia
4012;4778;river_large;8031;-1;-1;-1;-1;Viadria-Lygia
4013;4778;river_large;8031;1992;3140;1998;3151;Carredunum-Lygia
4013;4897;river_large;8031;-1;-1;-1;-1;Carredunum-Lecrotiana*
4014;4897;river_large;8032;-1;-1;-1;-1;Eburum-Lecrotiana*
4014;4894;river_large;8032;-1;-1;-1;-1;Eburum-Arsonis*
# INR GotaAlv #
6025;6012;river_large;8033;-1;-1;-1;-1;Scandia-Scandia
6025;6023;river_large;8033;-1;-1;-1;-1;Scandia-Scandia
### INR Baltic Rivers ###
# INR Vistula #
4862;4864;river_large;8034;-1;-1;-1;-1;Vistuliana-Vendica
4764;4863;river_large;8035;1982;3414;1997;3405;Helveconiana-Vistulia
6276;6279;river_large;8037;2064;3333;2067;3351;Venedicania-Vadina
6273;6275;river_large;8040;2161;3285;2171;3295;Sopha-Korotan
6273;6267;river_large;8040;2168;3282;2182;3283;Sopha-Maranot
6268;6267;river_large;8040;-1;-1;-1;-1;Venideva-Maranot
6268;6263;river_large;8042;2202;3252;2215;3254;Venideva-Shurita
6265;6263;river_large;8042;-1;-1;-1;-1;Gorideva-Shurita
6265;6260;river_large;8042;-1;-1;-1;-1;Gorideva-Folla
6259;6260;river_large;8043;-1;-1;-1;-1;Urgana-Folla
6259;6254;river_large;8043;-1;-1;-1;-1;Urgana-Donaria
6259;4887;river_large;8044;2187;3172;2192;3161;Urgana-Cracovia*
4895;4887;river_large;8044;-1;-1;-1;-1;Mitabis*-Cracovia*
4895;4890;river_large;8045;-1;-1;-1;-1;Mitabis*-Agrum*
4896;4890;river_large;8045;-1;-1;-1;-1;Valitum*-Agrum*
4896;4893;river_large;8046;-1;-1;-1;-1;Valitum*-Matiscua*
4899;4893;river_large;8046;-1;-1;-1;-1;Sidaris*-Matiscua*
4897;4893;river_large;8046;-1;-1;-1;-1;Lecrotiana*-Matiscua*
6275;6277;river_large;8047;2144;3333;2136;3349;Korotan-Duretica
6275;6289;river_large;8047;-1;-1;-1;-1;Korotan-Toll
6293;6289;river_large;8047;2185;3357;2174;3364;Makkate-Toll
6293;7804;river_large;8048;-1;-1;-1;-1;Makkate-Ossioia Occidentalis
6293;7820;river_large;8048;-1;-1;-1;-1;Makkate-Ossioia
6294;7820;river_large;8048;2246;3337;2248;3353;Felita-Ossioia
6294;7821;river_large;8049;2283;3325;2287;3337;Felita-Ossioia Orientalis
6294;6298;river_large;8049;-1;-1;-1;-1;Felita-Bostor
6291;6292;river_large;8050;2289;3296;2302;3292;Vorytta-Trakylli
6262;6292;river_large;8050;2294;3275;2304;3282;Varcret-Trakylli
6249;6253;river_large;8051;2326;3222;2337;3234;Celavira-Mavar
6249;6248;river_large;8052;-1;-1;-1;-1;Celavira-Bonava
6247;6248;river_large;8052;2351;3181;2362;3190;Sottika-Bonava
6247;6244;river_large;8053;-1;-1;-1;-1;Sottika-Kanale
6247;6245;river_large;8053;-1;-1;-1;-1;Sottika-Mitteria
6238;6245;river_large;8053;-1;-1;-1;-1;Arheo-Mitteria
# INR Neman #
7830;7809;river_large;8054;-1;-1;-1;-1;Galindia Occidentalis-Rubonia Orientalis
7831;7809;river_large;8054;2161;3571;2159;3593;Galindia Orientalis-Rubonia Orientalis
7831;7808;river_large;8054;-1;-1;-1;-1;Galindia Orientalis-Rubonia
7807;7808;river_large;8055;-1;-1;-1;-1;Saloia-Rubonia
### INR Italic Rivers ###
# INR Tiber #
15;3;river_large;8057;1689;2359;1697;2351;Ostia-Satricum
15;1;river_large;8057;1698;2363;1703;2355;Ostia-Roma
16;1;river_large;8057;1701;2372;1710;2367;Veii-Roma
16;2;river_large;8057;1706;2381;1715;2379;Veii-Tiber
16;20;river_large;8058;1709;2392;1717;2390;Veii-Reate
18;20;river_large;8058;1699;2401;1710;2403;Nepete-Reate
18;23;river_large;8059;-1;-1;-1;-1;Nepete-Narnia
21;23;river_large;8059;-1;-1;-1;-1;Volsini-Narnia
# INR Po #
3574;3572;river_large;8065;1488;2647;-1;-1;Clastidium-Ticinum
3555;3565;river_large;8066;-1;-1;-1;-1;FulviiValentium-Laumellum
3555;3562;river_large;8066;-1;-1;1435;2661;FulviiValentium-Vercellae
3558;3562;river_large;8066;-1;-1;-1;-1;Vardagate-Vercellae
3558;3560;river_large;8067;-1;-1;-1;-1;Vardagate-Industria
3558;3551;river_large;8067;-1;-1;1392;2657;Vardagate-AugustaTaurinorum
3559;3551;river_large;8067;-1;-1;-1;-1;Hasta-AugustaTaurinorum
3564;3551;river_large;8067;-1;-1;-1;-1;Polentia-AugustaTaurinorum
3555;3554;river_large;8068;-1;-1;-1;-1;FulviiValentium-Dertona
3555;3556;river_large;8068;-1;-1;-1;-1;FulviiValentium-Statiellae
3559;3556;river_large;8068;-1;-1;-1;-1;Hasta-Statiellae
3559;3557;river_large;8069;1411;2625;1415;2614;Hasta-Crixia
3564;3557;river_large;8069;-1;-1;-1;-1;Polentia-Crixia
3565;3572;river_large;8070;-1;-1;-1;-1;Laumellum-Ticinum
3566;3572;river_large;8070;1462;2668;1475;2669;Novaria-Ticinum
3566;3571;river_large;8070;-1;-1;-1;-1;Novaria-Mediolanium
3583;3584;river_large;8071;-1;-1;-1;-1;Ariolica-Verona
3592;3591;river_large;8072;1618;2633;1627;2626;Ferraria-VicusVarianus
3588;3591;river_large;8072;1607;2627;1611;2617;Colicaria-VicusVarianus
3588;149;river_large;8072;1596;2620;1603;2612;Colicaria-Mutina
3591;3593;river_large;8073;1637;2625;1646;2633;VicusVarianus-Hatria
150;3593;river_large;8073;-1;-1;1654;2633;Vicus Aventia-Hatria
150;145;river_large;8073;1667;2621;1674;2633;Vicus Aventia-Hadriani
144;145;river_large;8073;-1;-1;-1;-1;Spina-Hadriani
### INR Danube ###
4207;4263;river_large;8075;2285;2646;2285;2662;Cuppae-AdScofrulas
4189;4843;river_large;8078;2142;2684;2140;2699;Sirmium-Onagrinum
4157;4855;river_large;8083;2076;2888;2091;2888;Aquincum-Ocara
3918;3919;river_large;8086;1954;2932;1955;2947;Carnuntum-Anduetium
3648;3917;river_large;8090;-1;-1;-1;-1;Lauriacum-Adrabae
3761;3817;river_large;8092;-1;-1;-1;-1;Petrensibus-Brodentica
3760;3817;river_large;8092;1715;2963;1720;2975;Augusta-Brodentica
3760;3815;river_large;8092;1707;2970;1710;2983;Augusta-Augustania
3759;3815;river_large;8092;1696;2978;-1;-1;Sorviodurum-Augustania
3759;3808;river_large;8093;1677;2989;1676;3002;Sorviodurum-Vandulia
3758;3808;river_large;8093;-1;-1;-1;-1;CastraRegina-Vandulia
3765;3808;river_large;8094;1639;2981;1638;2993;Abusina-Vandulia
3765;3766;river_large;8094;1624;2975;1623;2985;Abusina-Germanicum
3773;3766;river_large;8094;1613;2972;1610;2980;Venaxamodurum-Germanicum
3773;3774;river_large;8095;1603;2970;1600;2978;Venaxamodurum-Parrodunum
3749;3774;river_large;8095;1592;2967;1589;2978;AugustaVindelicum-Parrodunum
3775;3774;river_large;8095;1580;2965;1579;2974;Summuntorium-Parrodunum
3775;3769;river_large;8095;1571;2960;1566;2969;Summuntorium-Losodica
3775;3771;river_large;8096;1561;2955;1555;2963;Summuntorium-Aquileia
3750;3771;river_large;8096;1555;2950;1550;2959;Rapis-Aquileia
3750;3742;river_large;8096;1549;2946;1542;2954;Rapis-Viana
3741;3742;river_large;8097;1539;2939;1533;2949;CaeliusMons-Viana
3741;3743;river_large;8097;1525;2930;1520;2938;CaeliusMons-Riusiava
4169;4162;river_large;8098;2073;2783;2075;2794;Lugio-AltaRipa
4164;4162;river_large;8098;-1;-1;-1;-1;Alisca-AltaRipa
4164;4161;river_large;8099;2054;2813;2059;2823;Alisca-Intercisa
4164;4160;river_large;8099;2041;2819;2047;2830;Alisca-Gorsium
4163;4160;river_large;8099;2029;2823;2038;2833;Tricciana-Gorsium
4187;4171;river_large;8100;2056;2723;2058;2735;Mursella-Serena
4137;4140;river_large;8104;-1;-1;-1;-1;Populi-Salia
4136;4140;river_large;8104;1915;2788;1928;2798;Halicanum-Salia
4136;4134;river_large;8105;1897;2798;-1;-1;Halicanum-AdVicessimum
4031;4134;river_large;8105;-1;-1;1885;2809;FlaviaSolva-AdVicessimum
4842;4831;river_large;8106;2176;2700;2193;2701;Acumincum-Ad Sextum
4847;4840;river_large;8108;-1;-1;-1;-1;Partiskon-Zurobara
4857;4856;river_large;8112;-1;-1;-1;-1;Tisia-Crisiana
4858;4856;river_large;8112;2211;2846;2214;2859;Metanastia-Crisiana
4858;4851;river_large;8113;-1;-1;-1;-1;Metanastia-Crisia
4858;4860;river_large;8113;-1;-1;-1;-1;Metanastia-Quare
4840;4835;river_large;8114;-1;-1;-1;-1;Zurobara-Albocensia
4840;4834;river_large;8114;2196;2787;2196;2775;Zurobara-Lixisis
4841;4834;river_large;8114;2211;2784;2210;2770;Marisia-Lixisis
4841;4837;river_large;8115;-1;-1;2231;2776;Marisia-Potulatensia
4836;4837;river_large;8115;-1;-1;-1;-1;Ziridava-Potulatensia
4193;4195;river_large;8116;-1;-1;-1;-1;Altina-Singidunum
4186;4077;river_large;8119;-1;-1;-1;-1;Picentino-Marsonia
4178;4073;river_large;8121;1978;2683;1975;2670;Iassorum-AdPraetorium
4177;4041;river_large;8122;-1;-1;-1;-1;Varianis-Segestica
4177;4038;river_large;8122;1941;2703;1930;2700;Varianis-Andautonia
4181;4038;river_large;8123;-1;-1;-1;-1;Savia-Andautonia
4176;4038;river_large;8123;-1;-1;-1;-1;Pyrri-Andautonia
4276;4267;river_large;8124;-1;-1;-1;-1;CastraBistria-CastrisNovis
4278;4267;river_large;8124;2425;2618;2435;2616;Amutria-CastrisNovis
4278;4270;river_large;8124;-1;-1;-1;-1;Amutria-Pelendava
4278;4271;river_large;8125;2404;2645;2404;2662;Amutria-Confluentiana
4279;4271;river_large;8125;-1;-1;-1;-1;Dumbrava-Confluentiana
4275;4271;river_large;8125;2382;2673;2393;2676;AdMutrium-Confluentiana
4275;4274;river_large;8126;-1;-1;-1;-1;AdMutrium-Confluenta
4266;4818;river_large;8127;-1;-1;-1;-1;Romula-Pinion
4266;4820;river_large;8127;2465;2627;2472;2638;Romula-iagisia
4268;4820;river_large;8128;-1;-1;-1;-1;Acidava-iagisia
4269;4820;river_large;8128;2438;2678;2450;2680;Rusidava-iagisia
4269;4822;river_large;8129;2436;2690;2444;2695;Rusidava-Ciagisiana
4272;4822;river_large;8129;-1;-1;2445;2704;PonsAluti-Ciagisiana
4273;4822;river_large;8129;-1;-1;-1;-1;Buridava-Ciagisiana
4810;4809;river_large;8130;2580;2651;2582;2666;Piephigiana-Piephigia
4810;4815;river_large;8130;2560;2656;2562;2672;Piephigiana-Pirum
4816;4815;river_large;8131;2535;2672;2538;2683;Napuca-Pirum
4819;4815;river_large;8131;2515;2681;2519;2694;Ordessia-Pirum
4807;4808;river_large;8132;-1;-1;-1;-1;Isteria-Isteriana
4811;4808;river_large;8132;2636;2695;2633;2708;Sornus-Isteriana
4811;4812;river_large;8132;2616;2694;2613;2709;Sornus-Sensia
4813;4812;river_large;8133;2585;2699;2583;2712;Sensiana-Sensia
4813;4814;river_large;8133;2561;2697;2558;2712;Sensiana-Netindava
4815;4814;river_large;8133;-1;-1;-1;-1;Pirum-Netindava
4806;4802;river_large;8134;2654;2775;2656;2788;Cotesiana-Agarusia
4804;4802;river_large;8134;2638;2781;2644;2796;Britolagia-Agarusia
4804;4801;river_large;8134;-1;-1;-1;-1;Britolagia-Comidava
4913;4801;river_large;8135;2602;2818;2614;2827;Conidava*-Comidava
4913;4923;river_large;8135;2589;2840;2601;2849;Conidava*-Acritones*
4806;4804;river_large;8136;-1;-1;-1;-1;Cotesiana-Britolagia
4805;4804;river_large;8136;2628;2746;2624;2759;Cotesia-Britolagia
4802;4800;river_large;8137;-1;-1;-1;-1;Agarusia-Piroboridava
4801;4800;river_large;8137;2657;2831;2668;2834;Comidava-Piroboridava
4924;4922;river_large;8138;-1;-1;-1;-1;Inatius*-Iecronum*
4925;4922;river_large;8138;2654;2876;2667;2878;Volumis*-Iecronum*
4925;4921;river_large;8139;-1;-1;-1;-1;Volumis*-Bridava*
4925;4928;river_large;8139;2644;2902;2649;2915;Volumis*-Leptidava*
4932;4928;river_large;8139;2631;2915;2636;2931;Millianum*-Leptidava*
4932;4934;river_large;8140;-1;-1;-1;-1;Millianum*-Muradava*
4933;4934;river_large;8140;2591;2956;2597;2966;Cruciatum*-Muradava*
4933;4936;river_large;8141;2575;2973;2584;2983;Cruciatum*-Verticem*
4914;4936;river_large;8141;2563;2989;2574;2999;Carsidava-Verticem*
4914;4937;river_large;8141;2549;3005;2556;3018;Carsidava-Confluentia*
4914;4939;river_large;8142;2522;3003;2518;3015;Carsidava-Octavum*
### INR Black Sea Tributaries ###
# INR Dniester #
4915;6085;river_large;8143;-1;-1;-1;-1;Clepidava-Tumin
4915;6084;river_large;8143;2646;3011;2646;3035;Clepidava-Schech
4936;6084;river_large;8143;-1;-1;-1;-1;Verticem*-Schech
4936;6070;river_large;8144;2590;3038;2597;3053;Verticem*-Lechta
4937;6070;river_large;8144;2567;3046;2562;3062;Confluentia*-Lechta
4937;6067;river_large;8145;2534;3038;2528;3053;Confluentia*-Alkonet
4939;6067;river_large;8145;2515;3033;2513;3049;Octavum*-Alkonet
4939;2543;river_large;8146;2486;3037;2487;3057;Octavum*-Uccrynyika
4940;2543;river_large;8146;2457;3043;2463;3058;Limnorum*-Uccrynyika
# INR Don #
4557;7637;river_large;8147;3327;3117;3335;3097;Tanais-Yeyata
6188;6190;river_large;8149;3408;3178;3413;3160;Vyrni-Kichpa
6199;6206;river_large;8152;-1;-1;-1;-1;Ydologh-Detsk
### INR Caspian Sea Tributaries ###
# INR Volga #
5907;5876;river_large;8153;-1;-1;-1;-1;Taksaty-PASS
5877;5876;river_large;8153;-1;-1;-1;-1;PASS-PASS
5877;5878;river_large;8154;3902;3254;3913;3271;PASS-PASS
5905;6221;river_large;8156;3769;3241;3762;3254;Iska-Zhelk
6225;6221;river_large;8156;3792;3269;3776;3255;Monok-Zhelk
6220;6221;river_large;8157;3705;3270;3718;3274;Uryennik-Zhelk
6222;6221;river_large;8158;3731;3300;3718;3289;Arzhahk-Zhelk
# INR Kural #
1647;1648;river_large;8160;-1;-1;-1;-1;Salyan-Ghizil-Agaj
1647;1652;river_large;8160;-1;-1;-1;-1;Salyan-Talish
1644;1652;river_large;8160;4140;2698;4149;2712;Paytakaran-Talish
1644;1651;river_large;8161;4127;2717;4134;2727;Paytakaran-Shahargah
1655;1651;river_large;8161;-1;-1;-1;-1;Kaladasht-Shahargah
1655;1584;river_large;8161;-1;-1;-1;-1;Kaladasht-Utidorsi
1661;1655;river_large;8162;4047;2711;4052;2721;Arash-Kaladasht
1661;1635;river_large;8162;-1;-1;-1;-1;Arash-Nyudi
1637;1635;river_large;8162;4009;2727;4015;2740;Mingechaur-Nyudi
1637;1645;river_large;6429;-1;-1;-1;-1;Mingechaur-Shaki
1637;1643;river_large;6429;3959;2730;3947;2738;Mingechaur-Samukh
1652;1651;river_large;8163;-1;-1;-1;-1;Talish-Shahargah
1654;1651;river_large;8163;4099;2682;4096;2695;Mochi-Shahargah
1654;1672;river_large;8164;4088;2661;4077;2666;Mochi-Southeast Arran
1638;1672;river_large;8164;4075;2643;4069;2651;Warthan-Southeast Arran
1638;1650;river_large;8164;4068;2636;4053;2639;Warthan-Sisakan
1618;1650;river_large;8165;-1;-1;-1;-1;Mish-Sisakan
### INR Tigris-Euphrates ###
861;862;river_large;8172;3875;2262;3881;2276;Apqu-Nineveh
893;895;river_large;8174;4031;2111;4044;2109;Samarra-Awana
893;977;river_large;8174;4035;2127;4049;2127;Samarra-Shahraban
892;977;river_large;8174;4030;2139;4046;2140;Dura-Shahraban
892;890;river_large;8175;4001;2160;4009;2173;Dura-Tell Gubba
955;890;river_large;8175;3988;2165;4005;2173;Sinn-Tell Gubba
886;885;river_large;8175;-1;-1;-1;-1;Nuzi-Lashom
895;896;river_large;8177;-1;-1;-1;-1;Awana-Artemita
977;896;river_large;8177;4070;2112;4080;2105;Shahraban-Artemita
977;897;river_large;8177;4075;2122;4085;2119;Shahraban-Daskara
933;973;river_large;8178;-1;-1;-1;-1;Apamea-Bakusaya
933;934;river_large;8178;4235;1998;4250;2005;Apamea-Kashkar
814;847;river_large;8188;-1;-1;-1;-1;Barbalissum-Dausara
805;847;river_large;8189;-1;-1;-1;-1;Amphipolis-Dausara
805;848;river_large;8189;-1;-1;-1;-1;Amphipolis-Alagma
805;809;river_large;8189;3539;2156;3549;2169;Amphipolis-Europos
807;809;river_large;8190;-1;-1;-1;-1;Hierapolis-Europos
810;809;river_large;8190;-1;-1;-1;-1;Zeugma/Seleukeia-Europos
810;817;river_large;8190;-1;-1;-1;-1;Zeugma/Seleukeia-Batnae
810;837;river_large;8191;-1;-1;-1;-1;Zeugma/Seleukeia-Seleukeia epi tou Zeugmatos
1869;837;river_large;8191;-1;-1;-1;-1;Rhabaine-Seleukeia epi tou Zeugmatos
1864;837;river_large;8191;3507;2254;3511;2241;Nisus-Seleukeia epi tou Zeugmatos
918;915;river_large;8195;-1;-1;-1;-1;Babylon-Cutha
918;917;river_large;8195;4090;1979;4099;1985;Babylon-Kish
919;917;river_large;8195;-1;-1;-1;-1;Borsippa-Kish
919;921;river_large;8195;-1;-1;-1;-1;Borsippa-Marad
### INR Oxus ###
6709;6708;river_large;8204;-1;-1;-1;-1;Rapete-Chadracarta
7228;7227;river_large;8207;-1;-1;-1;-1;Dilbarjin-Kerki
6686;6691;river_large;8210;5428;3113;5432;3133;Termaio-Aruktau
### INR Western India ###
# INR Indus #
4386;4350;river_large;8211;5965;2720;5974;2734;Jampur-Mulasthanapura/Multan
4383;4330;river_large;8214;5880;2872;5896;2875;Abortai-Gogaraioi
4378;4371;river_large;8216;6029;2706;6039;2687;Osioi-Alexandria (Indus)
4381;6058;river_large;8217;6105;2817;6117;2814;Hydrakai-Marudesa
4388;6058;river_large;8218;-1;-1;-1;-1;Pancapura-Marudesa
4393;5445;river_large;8219;6142;2915;6156;2912;Okara*-UNINHABITABLE
4393;7485;river_large;8219;6148;2948;6159;2940;Okara*-Sodal
4389;7485;river_large;8220;6158;2975;6166;2965;Lubokla-Sodal
4392;7485;river_large;8220;6176;3000;6180;2987;Sarwmanpur-Sodal
4390;7485;river_large;8221;6211;3003;6218;2990;Jalandhara-Sodal
4390;4418;river_large;8221;-1;-1;-1;-1;Jalandhara-Satadru
4384;4380;river_large;8225;5989;2896;6001;2895;Kekaya-Malloi
4398;4380;river_large;8225;5998;2919;6006;2906;Bhatiah*-Malloi
4398;4396;river_large;8225;-1;-1;-1;-1;Bhatiah*-Divyakuta
4398;4399;river_large;8226;6016;2986;6028;2983;Bhatiah*-Jaipura
7399;4399;river_large;8226;-1;-1;-1;-1;Rajagrha-Jaipura
4315;4399;river_large;8227;6034;3027;6043;3018;Nikaia-Jaipura
4315;4340;river_large;8227;-1;-1;-1;-1;Nikaia-Sakala
4345;4340;river_large;8227;-1;-1;-1;-1;Jhelum-Sakala
6852;7220;river_large;8228;-1;-1;-1;-1;Samarbriva-Sarawata
# INR Narmada #
6858;6859;river_large;8231;-1;-1;-1;-1;Minnagara-Bharukaccha
4493;7420;river_large;8232;-1;-1;-1;-1;Akota-Nandipuri
4476;7315;river_large;8234;6673;2367;6682;2356;Mahismati-Barwani*
7421;7422;river_large;8236;6769;2487;6781;2478;Narmadapuram-Betul*
### INR Ganges ###
7478;4441;river_large;8239;7047;3077;7058;3066;Rivilganj*-Alavi
4429;4465;river_large;8241;6982;2976;6999;2978;Varanasi-Bhabua
4428;7373;river_large;8243;6893;2915;6889;2927;Prayaga-Sringivera
7375;7411;river_large;8245;-1;-1;-1;-1;Kahnpuria-Unnao*
4426;7404;river_large;8247;-1;-1;-1;-1;Kampili-Anupshahr*
4404;4454;river_large;8249;6461;2998;6475;3002;Hastinapur-Matipura
4434;7376;river_large;8252;-1;-1;-1;-1;Sotthavati-Asani
7408;4427;river_large;8254;6639;2863;6638;2875;Batesar-Bhitargaon
4405;4422;river_large;8257;6481;2897;6491;2907;Indraprastha-Antaranjiya
4411;4412;river_large;8259;6376;2989;6391;2992;Sthanishvara-Karnal
7306;7307;river_large;8262;6590;2790;6602;2788;Ranasthambapura-Sripatha
7306;7446;river_large;8263;6565;2739;6580;2738;Barnala-Sabalgarh*
7306;7445;river_large;8263;6563;2718;6576;2714;Barnala-Sheopur*
7440;7445;river_large;8263;6560;2703;6573;2695;Khandar*-Sheopur*
7440;7435;river_large;8264;6550;2673;6565;2668;Khandar*-Ramgarh
7439;7435;river_large;8264;6555;2647;6566;2644;Bundi*-Ramgarh
7439;7436;river_large;8264;6546;2624;6556;2620;Bundi*-Kota*
7471;4435;river_large;8266;-1;-1;-1;-1;Orai*-Erakaccha*
4429;7370;river_large;8269;6976;2984;6974;3003;Varanasi-Garzapur
4429;7371;river_large;8269;6953;2981;6953;2998;Varanasi-Jamadaganipura
4433;7371;river_large;8270;6919;2988;6928;3000;Kitagiri-Jamadaganipura
4433;7374;river_large;8270;-1;-1;-1;-1;Kitagiri-Kusapura*
4433;4455;river_large;8271;6862;2985;6854;2999;Kitagiri-Jaisingpur
7382;4455;river_large;8271;6834;2985;6839;2997;Raebareli***-Jaisingpur
7382;7483;river_large;8271;6813;2975;6807;2988;Raebareli***-Mehdawal*
7380;7483;river_large;8272;6780;2969;6776;2981;Lakhanpur*-Mehdawal*
7380;7482;river_large;8272;6752;2979;6755;2992;Lakhanpur*-Itwa*
4456;7482;river_large;8273;6733;2978;6731;2990;Nimisa-Itwa*
4456;7406;river_large;8273;6705;2982;6707;2995;Nimisa-Sitapur*
7381;7406;river_large;8273;6678;3006;6689;3015;Badaun*-Sitapur*
7407;7406;river_large;8273;6662;3017;6673;3025;Katheria*-Sitapur*
7478;4448;river_large;8274;7055;3086;7058;3104;Rivilganj*-Vaisali*
7478;7477;river_large;8274;-1;-1;-1;-1;Rivilganj*-Saran*
7478;7369;river_large;8274;7000;3073;6993;3089;Rivilganj*-Pipphalivana
7370;7369;river_large;8275;6977;3067;6969;3082;Garzapur*-Pipphalivana
7371;7369;river_large;8275;6955;3056;6948;3069;Jamadaganipura-Pipphalivana
7374;7369;river_large;8275;6928;3048;6935;3063;Kusapura*-Pipphalivana
7374;7484;river_large;8276;-1;-1;-1;-1;Kusapura*-Bhawaniganj*
7374;4437;river_large;8276;6854;3027;6848;3039;Kusapura*-Ayodhya*
4455;4437;river_large;8277;6839;3016;6834;3025;Jaisingpur-Ayodhya*
7483;4437;river_large;8277;6805;3011;6807;3025;Mehdawal-Ayodhya*
7482;4437;river_large;8277;6784;3018;6793;3024;Itwa*-Ayodhya*
7496;7495;river_large;8279;7494;3315;7504;3328;Bhaluka-Egarosindur
7323;7344;river_large;8279;7357;3367;7370;3374;Kirrhadia*-Goalpara****
7342;7339;river_large;8282;7423;3486;7430;3470;Hajo-Pragjyotishpura
7350;7349;river_large;8283;7504;3628;7514;3619;Gosira*-Gramera*
7177;7393;river_large;8286;7482;3038;7490;3049;Tamalites-Kasipur
7362;7393;river_large;8286;7472;3053;7484;3058;Mallabhum-Kasipur
7345;7393;river_large;8286;7475;3076;7487;3067;Nabadwipa-Kasipur
7345;7329;river_large;8286;7466;3091;7477;3097;Nabadwipa-Chandraketugarh

-1;-1;;-1;-1
